Kategorie,Anzahl Loesungen,Indizes der Puzzles,Anzahl der Puzzles
"(0, 0, 1, 6)",344,"[126, 1012, 1019]",3
"(0, 0, 2, 5)",313,"[123, 137, 144, 165, 214, 550, 1009, 1079, 1149, 1527, 1936, 1943]",12
"(0, 0, 2, 5)",286,"[121, 158, 221, 557, 1044, 2913]",6
"(0, 0, 3, 4)",342,"[190, 211, 582, 617, 1933, 2073]",6
"(0, 0, 3, 4)",222,"[134, 246, 281, 547, 2003, 2451]",6
"(0, 0, 3, 4)",180,"[155, 687, 1968]",3
"(0, 1, 0, 6)",460,"[798, 1016, 1021]",3
"(0, 1, 1, 5)",429,"[0, 14, 218, 554, 816, 1010, 1041, 1081, 1160, 1538, 2657, 2910]",12
"(0, 1, 1, 5)",417,"[124, 167, 223, 559, 793, 809, 830, 1050, 1155, 1533, 2650, 2919]",12
"(0, 1, 1, 5)",400,"[7, 141, 795, 837, 1017, 1090, 1146, 1151, 1524, 1529, 1722, 1940]",12
"(0, 1, 1, 5)",376,"[42, 122, 162, 336, 893, 1008, 1046, 1055, 1076, 1271, 2915, 2924]",12
"(0, 1, 1, 5)",364,"[146, 886, 1013, 1085, 1264, 1945]",6
"(0, 1, 2, 4)",508,"[32, 579, 1147, 1603, 1719, 2070]",6
"(0, 1, 2, 4)",479,"[25, 212, 219, 588, 619, 628, 862, 1563, 1717, 2079, 2647, 3040]",12
"(0, 1, 2, 4)",442,"[4, 243, 1225, 1525, 1761, 2448]",6
"(0, 1, 2, 4)",438,"[196, 201, 347, 584, 883, 1143, 1331, 1598, 1810, 1937, 1941, 2075]",12
"(0, 1, 2, 4)",395,"[2, 252, 283, 292, 548, 555, 806, 1185, 1754, 2457, 2717, 3334]",12
"(0, 1, 2, 4)",374,"[39, 187, 210, 354, 375, 614, 1120, 1568, 1817, 1932, 2911, 3045]",12
"(0, 1, 2, 4)",363,"[37, 192, 215, 368, 593, 623, 1115, 1296, 1934, 2084, 2787, 2907]",12
"(0, 1, 2, 4)",356,"[53, 138, 142, 248, 953, 1220, 1261, 1521, 2009, 2014, 2188, 2453]",12
"(0, 1, 2, 4)",312,"[163, 689, 827, 1654, 1733, 1974]",6
"(0, 1, 2, 4)",298,"[9, 156, 693, 698, 2682, 2949]",6
"(0, 1, 2, 4)",293,"[74, 135, 257, 287, 331, 551, 918, 1038, 2005, 2462, 2984, 3123]",12
"(0, 1, 2, 4)",288,"[60, 81, 133, 278, 333, 546, 1042, 1190, 2000, 2195, 2989, 3339]",12
"(0, 1, 2, 4)",278,"[11, 684, 1077, 1659, 1740, 1965]",6
"(0, 1, 2, 4)",212,"[159, 424, 1073, 1401, 1970, 1979]",6
"(0, 1, 2, 4)",194,"[154, 431, 2954]",3
"(0, 1, 3, 3)",490,"[400, 653, 658, 1807, 2067, 2071]",6
"(0, 1, 3, 3)",377,"[22, 279, 615, 685, 723, 763, 1730, 1751, 1786, 2109, 2487, 2578]",12
"(0, 1, 3, 3)",329,"[50, 240, 317, 322, 344, 580, 1877, 2149, 2255, 2445, 2449, 2522]",12
"(0, 1, 3, 3)",296,"[106, 244, 576, 2144, 2185, 2527]",6
"(0, 1, 3, 3)",229,"[71, 188, 365, 681, 728, 758, 1842, 1962, 2001, 2039, 2220, 2583]",12
"(0, 1, 3, 3)",184,"[184, 275, 421, 456, 491, 611, 1966, 1997, 2044, 2114, 2325, 2492]",12
"(0, 2, 0, 5)",521,"[796, 813, 839, 1157, 1535, 2654]",6
"(0, 2, 0, 5)",451,"[794, 818, 834, 890, 895, 1014, 1052, 1087, 1268, 1273, 2659, 2921]",12
"(0, 2, 1, 4)",572,"[29, 351, 873, 891, 1144, 1342, 1565, 1600, 1718, 1814, 2655, 3042]",12
"(0, 2, 1, 4)",556,"[34, 590, 868, 884, 1153, 1293, 1333, 1607, 1720, 2081, 2651, 2784]",12
"(0, 2, 1, 4)",519,"[40, 216, 377, 625, 859, 864, 1302, 1572, 2646, 2648, 2793, 3049]",12
"(0, 2, 1, 4)",479,"[3, 57, 814, 964, 1187, 1222, 1269, 1522, 1758, 2192, 2728, 3336]",12
"(0, 2, 1, 4)",463,"[5, 254, 810, 915, 955, 1229, 1262, 1531, 1763, 2459, 2723, 3120]",12
"(0, 2, 1, 4)",450,"[835, 1656, 1737]",3
"(0, 2, 1, 4)",447,"[83, 289, 334, 552, 805, 807, 924, 1194, 2714, 2719, 3129, 3343]",12
"(0, 2, 1, 4)",442,"[12, 695, 828, 1663, 2679, 2688]",6
"(0, 2, 1, 4)",416,"[38, 372, 1117, 1307, 2798, 2908]",6
"(0, 2, 1, 4)",408,"[198, 356, 882, 887, 1124, 1298, 1328, 1337, 1819, 1938, 2789, 2917]",12
"(0, 2, 1, 4)",382,"[78, 332, 929, 1039, 2986, 3134]",6
"(0, 2, 1, 4)",380,"[10, 428, 1074, 1412, 2693, 2951]",6
"(0, 2, 1, 4)",361,"[62, 139, 920, 950, 959, 1048, 1260, 1265, 2011, 2197, 2993, 3125]",12
"(0, 2, 1, 4)",360,"[831, 1083, 1398, 1403, 1742, 1976]",6
"(0, 2, 1, 4)",318,"[160, 433, 826, 1407, 2684, 2958]",6
"(0, 2, 2, 3)",602,"[397, 406, 411, 655, 1372, 1627, 1806, 1811, 1815, 2068, 2785, 3038]",12
"(0, 2, 2, 3)",560,"[402, 662, 1367, 1808, 2077, 2781]",6
"(0, 2, 2, 3)",547,"[30, 725, 951, 1329, 1652, 1704, 1734, 1759, 1792, 1839, 2217, 2580]",12
"(0, 2, 2, 3)",484,"[112, 117, 343, 577, 916, 1183, 1874, 2146, 2189, 2193, 3199, 3384]",12
"(0, 2, 2, 3)",481,"[23, 72, 366, 691, 732, 767, 1752, 2587, 2676, 2753, 2823, 3159]",12
"(0, 2, 2, 3)",468,"[58, 103, 241, 348, 994, 1561, 1883, 2184, 2266, 2524, 3090, 3121]",12
"(0, 2, 2, 3)",438,"[79, 373, 682, 760, 860, 1683, 1729, 1783, 1848, 2226, 2715, 3412]",12
"(0, 2, 2, 3)",428,"[49, 54, 319, 352, 1249, 1294, 1888, 2252, 2261, 2446, 2863, 3332]",12
"(0, 2, 2, 3)",418,"[26, 453, 1218, 1399, 1477, 1596, 1738, 1755, 1797, 2111, 2322, 2489]",12
"(0, 2, 2, 3)",418,"[51, 108, 250, 586, 989, 1290, 2153, 2186, 2257, 2531, 2858, 3117]",12
"(0, 2, 2, 3)",414,"[326, 345, 912, 1879, 2455, 3194]",6
"(0, 2, 2, 3)",410,"[21, 276, 429, 462, 502, 612, 1750, 2331, 2680, 2758, 3069, 3363]",12
"(0, 2, 2, 3)",362,"[285, 422, 493, 621, 856, 1437, 1731, 1788, 2118, 2496, 2711, 3250]",12
"(0, 2, 2, 3)",312,"[194, 458, 947, 1325, 1395, 1472, 1844, 1972, 2007, 2048, 2222, 2327]",12
"(0, 2, 2, 3)",264,"[75, 369, 420, 488, 1113, 1442, 1853, 1963, 2041, 2231, 2982, 3255]",12
"(0, 2, 2, 3)",236,"[70, 185, 364, 425, 467, 497, 1998, 2336, 2828, 2947, 3013, 3164]",12
"(0, 2, 3, 2)",496,"[398, 787, 1836, 1875, 2291, 2576]",6
"(0, 2, 3, 2)",458,"[104, 721, 1913, 2214, 2253, 2628]",6
"(0, 2, 3, 2)",418,"[489, 756, 1780, 1784, 2361, 2607]",6
"(0, 2, 3, 2)",366,"[394, 527, 532, 651, 1840, 1871, 2107, 2142, 2296, 2319, 2323, 2551]",12
"(0, 2, 3, 2)",316,"[100, 315, 450, 454, 1918, 2173, 2218, 2249, 2396, 2401, 2485, 2520]",12
"(0, 2, 3, 2)",162,"[485, 2037, 2366]",3
"(0, 3, 0, 4)",500,"[870, 888, 1304, 1339, 2652, 2795]",6
"(0, 3, 0, 4)",490,"[811, 926, 961, 1266, 2725, 3131]",6
"(0, 3, 0, 4)",456,"[832, 1409, 2690]",3
"(0, 3, 1, 3)",574,"[408, 1369, 1376, 1812, 2782, 2791]",6
"(0, 3, 1, 3)",495,"[27, 464, 948, 1326, 1405, 1481, 1756, 2333, 2686, 2762, 2825, 3161]",12
"(0, 3, 1, 3)",481,"[114, 349, 913, 922, 998, 1291, 1885, 2190, 2860, 3127, 3196, 3203]",12
"(0, 3, 1, 3)",476,"[55, 991, 1300, 2263, 2867, 3118]",6
"(0, 3, 1, 3)",468,"[866, 957, 1335, 1396, 1439, 1474, 1735, 1794, 1850, 2228, 2721, 3252]",12
"(0, 3, 1, 3)",457,"[76, 370, 426, 499, 857, 1446, 2677, 2712, 2755, 2832, 3168, 3259]",12
"(0, 3, 2, 2)",572,"[395, 536, 1872, 2329, 2821, 3223]",6
"(0, 3, 2, 2)",538,"[404, 529, 1365, 1501, 1837, 1846, 1881, 2293, 2300, 2320, 2856, 3248]",12
"(0, 3, 2, 2)",514,"[1470, 1790, 2363]",3
"(0, 3, 2, 2)",490,"[101, 460, 2250, 2405, 2887, 3157]",6
"(0, 3, 2, 2)",477,"[110, 451, 987, 1435, 1915, 1922, 2215, 2224, 2259, 2398, 3192, 3300]",12
"(0, 3, 2, 2)",360,"[486, 495, 1781, 2370, 2751, 3279]",6
"(0, 3, 3, 1)",512,"[525, 1911, 2289, 2359, 2394, 2425]",6
"(1, 0, 0, 6)",502,"[1007, 1022]",2
"(1, 0, 1, 5)",495,"[125, 153, 224, 545, 1011, 1027, 1034, 1062, 1161, 1517, 2916, 2925]",12
"(1, 0, 1, 5)",466,"[132, 1018, 1069, 1152, 1510, 1946]",6
"(1, 0, 1, 5)",415,"[120, 168, 209, 560, 1002, 1047, 1056, 1082, 1139, 1539, 2896, 2903]",12
"(1, 0, 1, 5)",364,"[147, 1004, 1091, 1132, 1530, 1931]",6
"(1, 0, 2, 4)",614,"[180, 565, 1148, 1582, 1942, 2076]",6
"(1, 0, 2, 4)",553,"[173, 213, 220, 572, 600, 607, 1099, 1547, 1935, 2085, 2912, 3046]",12
"(1, 0, 2, 4)",437,"[129, 143, 229, 249, 1204, 1226, 1507, 1526, 1993, 2015, 2434, 2454]",12
"(1, 0, 2, 4)",406,"[202, 585, 1129, 1604, 1928, 2056]",6
"(1, 0, 2, 4)",368,"[136, 258, 264, 293, 542, 549, 1024, 1169, 1986, 2441, 2990, 3340]",12
"(1, 0, 2, 4)",364,"[127, 236, 271, 284, 540, 556, 1043, 1191, 2006, 2463, 2968, 3318]",12
"(1, 0, 2, 4)",349,"[193, 204, 206, 594, 620, 629, 1121, 1569, 1926, 2063, 2893, 3024]",12
"(1, 0, 2, 4)",310,"[150, 164, 670, 690, 1059, 1078, 1638, 1660, 1951, 1958, 1971, 1980]",12
"(1, 0, 2, 4)",302,"[148, 157, 677, 699, 2933, 2955]",6
"(1, 0, 3, 3)",720,"[637, 2072]",2
"(1, 0, 3, 3)",406,"[245, 301, 562, 2150, 2450, 2506]",6
"(1, 0, 3, 3)",390,"[659, 2053]",2
"(1, 0, 3, 3)",367,"[170, 280, 597, 686, 707, 742, 1967, 2002, 2023, 2115, 2471, 2584]",12
"(1, 0, 3, 3)",332,"[226, 323, 581, 2128, 2431, 2528]",6
"(1, 0, 3, 3)",268,"[189, 261, 616, 667, 729, 764, 1948, 1983, 2045, 2093, 2493, 2562]",12
"(1, 1, 0, 5)",524,"[797, 804, 825, 1020, 1031, 1071, 1158, 1162, 1514, 1519, 2660, 2922]",12
"(1, 1, 0, 5)",468,"[896, 1015, 1036, 1066, 1259, 2926]",6
"(1, 1, 0, 5)",456,"[881, 1003, 1057, 1088, 1274, 2905]",6
"(1, 1, 0, 5)",448,"[792, 819, 840, 1005, 1053, 1092, 1136, 1141, 1536, 1540, 2645, 2900]",12
"(1, 1, 1, 4)",634,"[222, 609, 845, 1553, 2649, 3050]",6
"(1, 1, 1, 4)",604,"[20, 569, 852, 1150, 1159, 1544, 1584, 1593, 1721, 2082, 2656, 3043]",12
"(1, 1, 1, 4)",567,"[41, 217, 363, 604, 1096, 1101, 1286, 1558, 2799, 2909, 2914, 3052]",12
"(1, 1, 1, 4)",549,"[177, 342, 892, 1110, 1145, 1321, 1549, 1579, 1820, 1939, 2923, 3047]",12
"(1, 1, 1, 4)",527,"[182, 574, 885, 1105, 1154, 1279, 1314, 1588, 1944, 2086, 2790, 2918]",12
"(1, 1, 1, 4)",518,"[273, 294, 543, 558, 799, 808, 1175, 1195, 2700, 2720, 3324, 3344]",12
"(1, 1, 1, 4)",506,"[207, 630, 865, 1573, 2640, 3030]",6
"(1, 1, 1, 4)",497,"[35, 591, 874, 1130, 1137, 1566, 1605, 1610, 1716, 2060, 2642, 3021]",12
"(1, 1, 1, 4)",482,"[1, 233, 815, 1188, 1215, 1227, 1508, 1537, 1764, 2460, 2707, 3315]",12
"(1, 1, 1, 4)",441,"[203, 595, 876, 1125, 1133, 1299, 1334, 1608, 1929, 2065, 2770, 2897]",12
"(1, 1, 1, 4)",440,"[8, 13, 674, 696, 1060, 1080, 1649, 1666, 2672, 2694, 2930, 2952]",12
"(1, 1, 1, 4)",439,"[6, 255, 801, 1166, 1206, 1232, 1515, 1528, 1749, 2438, 2729, 3337]",12
"(1, 1, 1, 4)",437,"[84, 268, 330, 553, 930, 1025, 1040, 1180, 2965, 2991, 3113, 3346]",12
"(1, 1, 1, 4)",436,"[822, 836, 1067, 1089, 1635, 1640, 1657, 1661, 1728, 1743, 1955, 1977]",12
"(1, 1, 1, 4)",426,"[145, 259, 901, 936, 1028, 1230, 1263, 1511, 1995, 2443, 2994, 3126]",12
"(1, 1, 1, 4)",420,"[69, 290, 335, 541, 908, 1023, 1045, 1197, 2970, 2987, 3135, 3329]",12
"(1, 1, 1, 4)",419,"[63, 140, 965, 1032, 1171, 1201, 1256, 1523, 1990, 2183, 2996, 3341]",12
"(1, 1, 1, 4)",418,"[130, 238, 921, 956, 1049, 1210, 1254, 1532, 2016, 2464, 2974, 3106]",12
"(1, 1, 1, 4)",412,"[36, 205, 378, 626, 1118, 1122, 1308, 1575, 2777, 2892, 2894, 3035]",12
"(1, 1, 1, 4)",409,"[48, 128, 943, 1054, 1192, 1223, 1270, 1506, 2012, 2198, 2979, 3320]",12
"(1, 1, 1, 4)",385,"[199, 357, 878, 1127, 1128, 1343, 1570, 1601, 1805, 1927, 2901, 3026]",12
"(1, 1, 1, 4)",379,"[151, 166, 679, 700, 820, 829, 1644, 1664, 2665, 2685, 2939, 2959]",12
"(1, 1, 1, 4)",352,"[1063, 1084, 1384, 1404, 1960, 1981]",6
"(1, 1, 1, 4)",343,"[149, 161, 419, 434, 1058, 1075, 1391, 1413, 2935, 2944, 2956, 2961]",12
"(1, 1, 2, 3)",764,"[390, 634, 1618, 1816, 2069, 3044]",6
"(1, 1, 2, 3)",682,"[383, 639, 643, 648, 1351, 1613, 1809, 2074, 2078, 2083, 2786, 3039]",12
"(1, 1, 2, 3)",521,"[307, 312, 337, 563, 917, 1184, 1880, 2151, 2456, 2461, 3178, 3370]",12
"(1, 1, 2, 3)",517,"[403, 660, 663, 665, 1373, 1628, 1800, 2054, 2057, 2061, 2767, 3018]",12
"(1, 1, 2, 3)",505,"[52, 251, 303, 570, 1235, 1276, 2156, 2238, 2452, 2512, 2864, 3333]",12
"(1, 1, 2, 3)",501,"[31, 726, 1202, 1602, 1636, 1707, 1725, 1746, 1798, 2090, 2490, 2559]",12
"(1, 1, 2, 3)",493,"[15, 282, 598, 697, 713, 753, 1753, 2588, 2681, 2737, 3070, 3349]",12
"(1, 1, 2, 3)",488,"[59, 242, 298, 339, 1240, 1545, 1889, 2245, 2447, 2503, 3093, 3338]",12
"(1, 1, 2, 3)",480,"[89, 247, 256, 566, 973, 1541, 2154, 2187, 2508, 2517, 3091, 3122]",12
"(1, 1, 2, 3)",472,"[109, 227, 234, 587, 995, 1562, 2134, 2178, 2529, 2534, 3076, 3103]",12
"(1, 1, 2, 3)",470,"[118, 578, 1167, 2125, 2180, 3387]",6
"(1, 1, 2, 3)",470,"[412, 656, 1630, 1802, 2052, 3022]",6
"(1, 1, 2, 3)",467,"[178, 709, 952, 1311, 1653, 1690, 1845, 1973, 2013, 2029, 2203, 2585]",12
"(1, 1, 2, 3)",459,"[43, 230, 324, 592, 1250, 1295, 2139, 2258, 2432, 2532, 2842, 3312]",12
"(1, 1, 2, 3)",456,"[96, 561, 1189, 2147, 2194, 3375]",6
"(1, 1, 2, 3)",449,"[24, 262, 618, 675, 733, 770, 1744, 2568, 2662, 2759, 3055, 3364]",12
"(1, 1, 2, 3)",442,"[17, 704, 1224, 1580, 1658, 1695, 1739, 1760, 1776, 2112, 2468, 2581]",12
"(1, 1, 2, 3)",442,"[327, 329, 346, 583, 898, 1163, 1860, 2130, 2435, 2439, 3200, 3385]",12
"(1, 1, 2, 3)",438,"[80, 360, 683, 739, 1097, 1674, 1854, 1964, 2020, 2210, 2988, 3415]",12
"(1, 1, 2, 3)",427,"[73, 171, 358, 692, 718, 748, 2004, 2590, 2829, 2948, 2999, 3143]",12
"(1, 1, 2, 3)",416,"[291, 605, 688, 744, 842, 1669, 1732, 1769, 2119, 2477, 2716, 3413]",12
"(1, 1, 2, 3)",404,"[45, 225, 320, 353, 1252, 1567, 1867, 2267, 2430, 2525, 3081, 3316]",12
"(1, 1, 2, 3)",404,"[269, 627, 668, 765, 861, 1684, 1723, 1789, 2099, 2497, 2697, 3398]",12
"(1, 1, 2, 3)",366,"[169, 277, 430, 446, 481, 596, 1999, 2337, 2953, 3004, 3072, 3354]",12
"(1, 1, 2, 3)",366,"[174, 439, 1219, 1400, 1456, 1576, 1978, 2008, 2034, 2116, 2328, 2473]",12
"(1, 1, 2, 3)",365,"[200, 730, 933, 1330, 1632, 1705, 1825, 1952, 1991, 2049, 2223, 2564]",12
"(1, 1, 2, 3)",343,"[195, 459, 1198, 1381, 1478, 1597, 1956, 1987, 2051, 2095, 2308, 2494]",12
"(1, 1, 2, 3)",343,"[286, 423, 474, 601, 1093, 1421, 1969, 2025, 2121, 2482, 2983, 3256]",12
"(1, 1, 2, 3)",324,"[64, 191, 367, 671, 735, 768, 1984, 2573, 2807, 2927, 3014, 3165]",12
"(1, 1, 2, 3)",317,"[66, 374, 666, 761, 1119, 1686, 1832, 1947, 2042, 2232, 2966, 3403]",12
"(1, 1, 2, 3)",293,"[186, 260, 416, 468, 503, 613, 1982, 2315, 2931, 3016, 3060, 3366]",12
"(1, 1, 2, 3)",292,"[265, 414, 494, 622, 1114, 1443, 1949, 2046, 2104, 2499, 2962, 3234]",12
"(1, 1, 3, 2)",519,"[380, 635, 773, 778, 1841, 1876, 2108, 2148, 2275, 2537, 2577, 2582]",12
"(1, 1, 3, 2)",454,"[511, 631, 2113, 2143, 2324, 2542]",6
"(1, 1, 3, 2)",442,"[740, 762, 1766, 1785, 2593, 2608]",6
"(1, 1, 3, 2)",428,"[105, 299, 705, 722, 1919, 2159, 2200, 2235, 2486, 2526, 2614, 2631]",12
"(1, 1, 3, 2)",419,"[399, 657, 788, 790, 1822, 1857, 2087, 2126, 2297, 2552, 2556, 2560]",12
"(1, 1, 3, 2)",367,"[86, 321, 701, 727, 1897, 2174, 2219, 2254, 2465, 2504, 2619, 2629]",12
"(1, 1, 3, 2)",335,"[295, 316, 436, 455, 2164, 2176, 2380, 2402, 2469, 2491, 2500, 2521]",12
"(1, 1, 3, 2)",318,"[533, 652, 2091, 2122, 2305, 2554]",6
"(1, 1, 3, 2)",298,"[471, 490, 736, 757, 2017, 2021, 2038, 2043, 2345, 2367, 2598, 2610]",12
"(1, 2, 0, 4)",536,"[849, 854, 894, 1156, 1283, 1323, 1555, 1590, 2653, 2658, 2796, 3051]",12
"(1, 2, 0, 4)",521,"[800, 817, 905, 945, 1196, 1231, 1272, 1512, 2709, 2726, 3132, 3326]",12
"(1, 2, 0, 4)",501,"[871, 875, 879, 1134, 1305, 1344, 1574, 1609, 2641, 2643, 2774, 3032]",12
"(1, 2, 0, 4)",479,"[823, 838, 1646, 1665, 2669, 2691]",6
"(1, 2, 0, 4)",474,"[802, 812, 927, 966, 1177, 1212, 1257, 1534, 2704, 2730, 3110, 3345]",12
"(1, 2, 0, 4)",466,"[889, 1107, 1288, 1318, 2800, 2920]",6
"(1, 2, 0, 4)",456,"[910, 931, 940, 962, 1029, 1051, 1255, 1267, 2976, 2995, 3115, 3136]",12
"(1, 2, 0, 4)",452,"[821, 833, 1064, 1086, 1388, 1393, 1410, 1414, 2674, 2695, 2941, 2960]",12
"(1, 2, 0, 4)",392,"[877, 1126, 1309, 1340, 2779, 2898]",6
"(1, 2, 1, 3)",572,"[387, 1362, 1615, 1813, 2797, 3041]",6
"(1, 2, 1, 3)",567,"[82, 361, 694, 750, 843, 1678, 2678, 2718, 2734, 2833, 3149, 3416]",12
"(1, 2, 1, 3)",559,"[392, 645, 1348, 1353, 1357, 1622, 1818, 2080, 2783, 2788, 2792, 3048]",12
"(1, 2, 1, 3)",539,"[61, 253, 970, 975, 1280, 1551, 2247, 2514, 2868, 3094, 3119, 3124]",12
"(1, 2, 1, 3)",524,"[18, 715, 954, 1312, 1662, 1699, 1762, 2589, 2687, 2743, 2826, 3140]",12
"(1, 2, 1, 3)",517,"[93, 338, 928, 984, 1186, 1542, 1886, 2191, 3092, 3133, 3189, 3372]",12
"(1, 2, 1, 3)",516,"[33, 734, 934, 1332, 1642, 1708, 1747, 2570, 2666, 2763, 2804, 3162]",12
"(1, 2, 1, 3)",516,"[409, 1379, 1629, 1801, 2775, 3019]",6
"(1, 2, 1, 3)",513,"[16, 443, 1221, 1411, 1467, 1577, 1757, 2334, 2692, 2748, 3071, 3351]",12
"(1, 2, 1, 3)",505,"[850, 963, 1319, 1655, 1671, 1692, 1736, 1773, 1851, 2207, 2727, 3414]",12
"(1, 2, 1, 3)",498,"[98, 567, 919, 979, 1193, 1275, 2155, 2196, 2861, 3128, 3180, 3379]",12
"(1, 2, 1, 3)",495,"[413, 664, 1370, 1374, 1377, 1631, 1803, 2058, 2766, 2768, 2771, 3028]",12
"(1, 2, 1, 3)",490,"[28, 465, 1199, 1389, 1484, 1599, 1745, 2312, 2670, 2765, 3057, 3365]",12
"(1, 2, 1, 3)",478,"[44, 1251, 1306, 2264, 2853, 3313]",6
"(1, 2, 1, 3)",478,"[309, 340, 914, 923, 1244, 1277, 1890, 2458, 2865, 3175, 3184, 3342]",12
"(1, 2, 1, 3)",478,"[846, 1228, 1402, 1418, 1458, 1586, 1741, 1778, 2120, 2479, 2722, 3253]",12
"(1, 2, 1, 3)",477,"[119, 589, 899, 999, 1173, 1292, 2136, 2181, 2839, 3107, 3201, 3388]",12
"(1, 2, 1, 3)",476,"[288, 432, 483, 602, 841, 1427, 2683, 2713, 2739, 3073, 3260, 3358]",12
"(1, 2, 1, 3)",474,"[867, 1208, 1382, 1440, 1479, 1606, 1726, 1799, 2101, 2498, 2701, 3231]",12
"(1, 2, 1, 3)",469,"[328, 355, 897, 902, 1253, 1297, 1869, 2436, 2844, 3197, 3204, 3322]",12
"(1, 2, 1, 3)",466,"[67, 376, 672, 769, 863, 1687, 2661, 2698, 2756, 2813, 3169, 3407]",12
"(1, 2, 1, 3)",460,"[115, 350, 906, 1001, 1164, 1564, 1864, 2179, 3078, 3111, 3206, 3386]",12
"(1, 2, 1, 3)",460,"[872, 941, 1341, 1633, 1685, 1706, 1724, 1795, 1829, 2229, 2705, 3400]",12
"(1, 2, 1, 3)",456,"[56, 1237, 1284, 2242, 2870, 3335]",6
"(1, 2, 1, 3)",453,"[46, 231, 992, 996, 1301, 1571, 2268, 2533, 2848, 3085, 3102, 3104]",12
"(1, 2, 1, 3)",446,"[77, 359, 427, 478, 1094, 1432, 2835, 2950, 2985, 3001, 3154, 3262]",12
"(1, 2, 1, 3)",431,"[266, 417, 504, 624, 858, 1447, 2663, 2696, 2760, 3064, 3240, 3367]",12
"(1, 2, 1, 3)",419,"[958, 1103, 1315, 1397, 1423, 1453, 1855, 1975, 2031, 2212, 2992, 3257]",12
"(1, 2, 1, 3)",400,"[175, 448, 949, 1310, 1406, 1462, 2010, 2338, 2830, 2957, 3008, 3145]",12
"(1, 2, 1, 3)",397,"[937, 1123, 1336, 1380, 1444, 1475, 1834, 1953, 2050, 2233, 2972, 3236]",12
"(1, 2, 1, 3)",360,"[65, 371, 415, 500, 1116, 1449, 2818, 2928, 2963, 3015, 3171, 3245]",12
"(1, 2, 1, 3)",348,"[197, 469, 932, 1327, 1385, 1482, 1988, 2317, 2809, 2937, 3017, 3166]",12
"(1, 2, 2, 2)",602,"[381, 782, 1878, 2586, 2822, 3209]",6
"(1, 2, 2, 2)",570,"[388, 775, 1349, 1710, 1838, 1847, 1887, 2272, 2281, 2579, 2862, 3411]",12
"(1, 2, 2, 2)",559,"[410, 789, 1371, 1715, 1821, 1826, 1865, 2294, 2301, 2557, 2840, 3396]",12
"(1, 2, 2, 2)",558,"[401, 791, 1858, 2566, 2801, 3224]",6
"(1, 2, 2, 2)",551,"[87, 107, 711, 731, 2236, 2256, 2623, 2632, 2873, 2888, 3137, 3158]",12
"(1, 2, 2, 2)",547,"[379, 517, 522, 632, 1873, 2145, 2330, 2335, 2827, 3068, 3214, 3390]",12
"(1, 2, 2, 2)",514,"[384, 508, 1492, 1611, 1852, 1882, 2110, 2286, 2321, 2539, 3089, 3254]",12
"(1, 2, 2, 2)",510,"[116, 724, 971, 1667, 1894, 1923, 2204, 2216, 2243, 2616, 3198, 3430]",12
"(1, 2, 2, 2)",510,"[513, 641, 1345, 1487, 1843, 2117, 2152, 2277, 2326, 2546, 2857, 3249]",12
"(1, 2, 2, 2)",495,"[94, 702, 993, 1682, 1903, 1916, 2199, 2225, 2265, 2630, 3176, 3425]",12
"(1, 2, 2, 2)",477,"[111, 452, 1233, 1419, 1925, 2161, 2208, 2239, 2377, 2488, 3303, 3383]",12
"(1, 2, 2, 2)",464,"[1454, 1476, 1688, 1703, 1770, 1774, 1791, 1796, 2342, 2364, 2595, 2609]",12
"(1, 2, 2, 2)",462,"[85, 318, 440, 466, 2251, 2391, 2406, 2501, 2878, 3101, 3163, 3347]",12
"(1, 2, 2, 2)",457,"[396, 537, 539, 654, 1856, 2123, 2309, 2313, 2805, 3053, 3226, 3395]",12
"(1, 2, 2, 2)",447,"[405, 530, 1504, 1626, 1830, 1861, 2088, 2303, 2304, 2553, 3074, 3232]",12
"(1, 2, 2, 2)",447,"[479, 501, 737, 759, 1765, 1782, 2351, 2371, 2735, 2757, 3418, 3423]",12
"(1, 2, 2, 2)",446,"[90, 435, 1248, 1441, 1908, 2175, 2230, 2260, 2399, 2466, 3291, 3368]",12
"(1, 2, 2, 2)",444,"[305, 437, 988, 1436, 1920, 2168, 2201, 2403, 2495, 2530, 3172, 3286]",12
"(1, 2, 2, 2)",440,"[102, 296, 444, 461, 2234, 2386, 2408, 2523, 2890, 3096, 3141, 3362]",12
"(1, 2, 2, 2)",423,"[534, 661, 1366, 1502, 1823, 2097, 2132, 2298, 2306, 2555, 2836, 3228]",12
"(1, 2, 2, 2)",403,"[472, 492, 746, 766, 1767, 1787, 2602, 2611, 2731, 2752, 3265, 3280]",12
"(1, 2, 2, 2)",393,"[325, 457, 967, 1415, 1899, 2177, 2221, 2382, 2475, 2510, 3193, 3301]",12
"(1, 2, 2, 2)",372,"[1450, 1471, 2027, 2047, 2347, 2368]",6
"(1, 2, 2, 2)",291,"[470, 475, 487, 496, 2018, 2040, 2356, 2373, 2997, 3012, 3270, 3282]",12
"(1, 2, 3, 1)",494,"[531, 786, 1891, 1895, 2290, 2295, 2339, 2378, 2426, 2591, 2612, 2639]",12
"(1, 2, 3, 1)",492,"[509, 771, 1912, 1917, 2269, 2273, 2360, 2400, 2411, 2606, 2627, 2634]",12
"(1, 2, 3, 1)",402,"[505, 2172, 2365, 2395, 2416, 2535]",6
"(1, 2, 3, 1)",372,"[526, 2157, 2343, 2374, 2428, 2550]",6
"(1, 3, 0, 3)",502,"[903, 1000, 1303, 2850, 3108, 3205]",6
"(1, 3, 0, 3)",488,"[847, 960, 1316, 1408, 1429, 1464, 2689, 2724, 2745, 2834, 3151, 3261]",12
"(1, 3, 0, 3)",486,"[925, 981, 1281, 2869, 3130, 3186]",6
"(1, 3, 0, 3)",460,"[869, 938, 1338, 1386, 1448, 1483, 2667, 2702, 2764, 2815, 3170, 3242]",12
"(1, 3, 0, 3)",458,"[1378, 2772]",2
"(1, 3, 0, 3)",386,"[1359, 2794]",2
"(1, 3, 1, 2)",534,"[113, 463, 968, 1425, 2240, 2388, 2875, 2891, 3147, 3160, 3195, 3304]",12
"(1, 3, 1, 2)",522,"[476, 498, 2732, 2754, 3274, 3283]",6
"(1, 3, 1, 2)",520,"[385, 519, 1346, 1496, 1884, 2332, 2824, 2831, 2859, 3211, 3218, 3258]",12
"(1, 3, 1, 2)",498,"[1355, 1489, 1849, 2283, 2866, 3251]",6
"(1, 3, 1, 2)",477,"[407, 538, 1368, 1505, 1862, 2310, 2802, 2811, 2837, 3225, 3227, 3238]",12
"(1, 3, 1, 2)",475,"[91, 441, 990, 1445, 2262, 2407, 2882, 2889, 3138, 3167, 3173, 3295]",12
"(1, 3, 1, 2)",466,"[1375, 1503, 1827, 2302, 2846, 3229]",6
"(1, 3, 1, 2)",454,"[1451, 1460, 1473, 1480, 1771, 1793, 2353, 2372, 2741, 2761, 3267, 3281]",12
"(1, 3, 1, 2)",452,"[977, 997, 1416, 1438, 1905, 1924, 2205, 2227, 3182, 3202, 3288, 3302]",12
"(1, 3, 2, 1)",533,"[506, 515, 1914, 2270, 2369, 2397, 2404, 2420, 2886, 3207, 3278, 3306]",12
"(1, 3, 2, 1)",502,"[1485, 1921, 2279, 2362, 2413, 3299]",6
"(1, 3, 2, 1)",500,"[1500, 1901, 2299, 2340, 2427, 3284]",6
"(1, 3, 2, 1)",481,"[528, 535, 1892, 2292, 2349, 2375, 2384, 2429, 2871, 3222, 3263, 3311]",12
"(1, 3, 3, 0)",566,"[2409, 2424]",2
"(2, 0, 0, 5)",516,"[1006, 1037, 1072, 1142, 1520, 2906]",6
"(2, 0, 1, 4)",524,"[208, 610, 1102, 1559, 2895, 3036]",6
"(2, 0, 1, 4)",512,"[274, 544, 1026, 1181, 2971, 3330]",6
"(2, 0, 1, 4)",502,"[183, 575, 1111, 1131, 1138, 1550, 1585, 1594, 1930, 2066, 2902, 3027]",12
"(2, 0, 1, 4)",464,"[1068, 1641, 1961]",3
"(2, 0, 1, 4)",456,"[131, 239, 1033, 1172, 1207, 1216, 1509, 1516, 1996, 2444, 2980, 3321]",12
"(2, 0, 1, 4)",412,"[152, 680, 1061, 1650, 2936, 2945]",6
"(2, 0, 2, 3)",592,"[640, 649, 1619, 2055, 2062, 3023]",6
"(2, 0, 2, 3)",527,"[228, 235, 304, 571, 1241, 1546, 2140, 2433, 2509, 2518, 3082, 3317]",12
"(2, 0, 2, 3)",518,"[313, 564, 1168, 2131, 2440, 3376]",6
"(2, 0, 2, 3)",458,"[179, 710, 1203, 1581, 1637, 1696, 1957, 1992, 2035, 2096, 2474, 2565]",12
"(2, 0, 2, 3)",409,"[172, 263, 599, 676, 719, 754, 1985, 2574, 2932, 3005, 3061, 3355]",12
"(2, 0, 2, 3)",385,"[270, 606, 669, 745, 1098, 1675, 1950, 2026, 2105, 2483, 2967, 3404]",12
"(2, 0, 3, 2)",474,"[636, 779, 2092, 2127, 2543, 2561]",6
"(2, 0, 3, 2)",438,"[300, 706, 2165, 2470, 2505, 2620]",6
"(2, 0, 3, 2)",388,"[741, 2022, 2599]",3
"(2, 1, 0, 4)",518,"[824, 1070, 1647, 1651, 2675, 2942]",6
"(2, 1, 0, 4)",514,"[855, 1140, 1556, 1595, 2644, 3033]",6
"(2, 1, 0, 4)",498,"[803, 1178, 1217, 1518, 2710, 3327]",6
"(2, 1, 0, 4)",497,"[911, 946, 1030, 1035, 1182, 1213, 1258, 1513, 2977, 2981, 3116, 3331]",12
"(2, 1, 0, 4)",455,"[880, 1108, 1112, 1135, 1289, 1324, 1560, 1591, 2780, 2899, 2904, 3037]",12
"(2, 1, 0, 4)",452,"[1065, 1394, 2946]",3
"(2, 1, 1, 3)",556,"[851, 1214, 1592, 1639, 1672, 1697, 1727, 1779, 2102, 2480, 2706, 3401]",12
"(2, 1, 1, 3)",549,"[19, 716, 1205, 1583, 1648, 1702, 1748, 2571, 2671, 2749, 3058, 3352]",12
"(2, 1, 1, 3)",548,"[237, 976, 1552, 2519, 3086, 3105]",6
"(2, 1, 1, 3)",537,"[314, 573, 900, 1174, 1245, 1278, 2141, 2442, 2845, 3181, 3323, 3380]",12
"(2, 1, 1, 3)",534,"[650, 1354, 1623, 2064, 2769, 3029]",6
"(2, 1, 1, 3)",499,"[99, 568, 985, 1170, 1179, 1543, 2137, 2182, 3079, 3112, 3377, 3382]",12
"(2, 1, 1, 3)",495,"[272, 608, 678, 755, 844, 1679, 2664, 2699, 2740, 3065, 3359, 3408]",12
"(2, 1, 1, 3)",475,"[310, 341, 907, 1165, 1247, 1548, 1870, 2437, 3083, 3190, 3328, 3373]",12
"(2, 1, 1, 3)",471,"[47, 232, 1238, 1242, 1285, 1557, 2248, 2515, 2854, 3088, 3314, 3319]",12
"(2, 1, 1, 3)",461,"[393, 646, 1363, 1616, 1620, 1625, 1804, 2059, 2776, 3020, 3025, 3034]",12
"(2, 1, 1, 3)",460,"[1104, 1209, 1383, 1424, 1459, 1587, 1959, 2036, 2106, 2484, 2973, 3237]",12
"(2, 1, 1, 3)",439,"[942, 1109, 1320, 1634, 1676, 1693, 1835, 1954, 2032, 2213, 2978, 3405]",12
"(2, 1, 1, 3)",436,"[181, 720, 935, 1313, 1643, 1700, 1994, 2575, 2810, 2938, 3009, 3146]",12
"(2, 1, 1, 3)",426,"[68, 362, 673, 751, 1100, 1681, 2819, 2929, 2969, 3002, 3155, 3410]",12
"(2, 1, 1, 3)",419,"[176, 449, 1200, 1390, 1468, 1578, 1989, 2318, 2943, 3011, 3062, 3356]",12
"(2, 1, 1, 3)",390,"[267, 418, 484, 603, 1095, 1433, 2934, 2964, 3006, 3067, 3246, 3361]",12
"(2, 1, 2, 2)",580,"[1694, 1775, 2596]",3
"(2, 1, 2, 2)",558,"[88, 302, 712, 717, 2237, 2507, 2624, 2626, 2879, 3097, 3142, 3348]",12
"(2, 1, 2, 2)",557,"[382, 638, 783, 785, 1859, 2129, 2567, 2572, 2806, 3054, 3215, 3391]",12
"(2, 1, 2, 2)",536,"[95, 703, 1239, 1673, 1909, 2162, 2209, 2244, 2467, 2617, 3374, 3428]",12
"(2, 1, 2, 2)",528,"[647, 780, 1350, 1711, 1824, 2098, 2138, 2278, 2547, 2563, 2841, 3397]",12
"(2, 1, 2, 2)",511,"[389, 776, 1617, 1713, 1831, 1866, 2089, 2287, 2540, 2558, 3080, 3402]",12
"(2, 1, 2, 2)",493,"[311, 708, 972, 1668, 1900, 2169, 2202, 2476, 2516, 2621, 3177, 3426]",12
"(2, 1, 2, 2)",470,"[743, 752, 1768, 2603, 2736, 3419]",6
"(2, 1, 2, 2)",464,"[306, 438, 1234, 1420, 2166, 2171, 2383, 2472, 2481, 2511, 3292, 3369]",12
"(2, 1, 2, 2)",438,"[514, 642, 1493, 1612, 2094, 2103, 2133, 2307, 2544, 2549, 3075, 3233]",12
"(2, 1, 2, 2)",430,"[1455, 1689, 2028, 2033, 2348, 2600]",6
"(2, 1, 2, 2)",426,"[297, 445, 2392, 2502, 3099, 3353]",6
"(2, 1, 2, 2)",416,"[523, 633, 2124, 2314, 3059, 3393]",6
"(2, 1, 2, 2)",338,"[480, 738, 2019, 2357, 3003, 3421]",6
"(2, 1, 2, 2)",326,"[473, 747, 2024, 2605, 2998, 3271]",6
"(2, 1, 3, 1)",538,"[777, 1896, 2274, 2592, 2618, 2635]",6
"(2, 1, 3, 1)",470,"[510, 772, 2158, 2163, 2344, 2379, 2417, 2536, 2541, 2597, 2613, 2637]",12
"(2, 2, 0, 3)",506,"[909, 982, 986, 1176, 1282, 1554, 2851, 3087, 3109, 3114, 3191, 3381]",12
"(2, 2, 0, 3)",492,"[848, 1211, 1392, 1430, 1469, 1589, 2673, 2703, 2750, 3066, 3243, 3360]",12
"(2, 2, 0, 3)",490,"[853, 944, 1322, 1645, 1680, 1701, 2668, 2708, 2746, 2816, 3152, 3409]",12
"(2, 2, 0, 3)",466,"[904, 1246, 1287, 2855, 3187, 3325]",6
"(2, 2, 0, 3)",434,"[939, 1106, 1317, 1387, 1434, 1465, 2820, 2940, 2975, 3010, 3156, 3247]",12
"(2, 2, 0, 3)",420,"[1360, 1364, 1624, 2773, 2778, 3031]",6
"(2, 2, 1, 2)",531,"[97, 714, 974, 1677, 2246, 2625, 2876, 2883, 3139, 3148, 3179, 3429]",12
"(2, 2, 1, 2)",517,"[391, 784, 1352, 1714, 1868, 2569, 2803, 2812, 2843, 3212, 3219, 3406]",12
"(2, 2, 1, 2)",514,"[1457, 1698, 1777, 2604, 2742, 3268]",6
"(2, 2, 1, 2)",504,"[978, 1243, 1417, 1422, 1910, 2170, 2211, 2478, 3183, 3289, 3293, 3378]",12
"(2, 2, 1, 2)",500,"[1356, 1490, 1494, 1621, 1833, 2100, 2288, 2548, 2847, 3084, 3230, 3235]",12
"(2, 2, 1, 2)",500,"[1466, 1691, 1772, 2354, 2747, 3420]",6
"(2, 2, 1, 2)",481,"[92, 442, 1236, 1431, 2241, 2389, 2885, 3098, 3153, 3298, 3350, 3371]",12
"(2, 2, 1, 2)",478,"[983, 1670, 1906, 2206, 3188, 3427]",6
"(2, 2, 1, 2)",466,"[482, 749, 2733, 2738, 3275, 3422]",6
"(2, 2, 1, 2)",448,"[1361, 1712, 1828, 2284, 2852, 3399]",6
"(2, 2, 1, 2)",447,"[386, 520, 1499, 1614, 1863, 2311, 2817, 3056, 3077, 3221, 3244, 3392]",12
"(2, 2, 1, 2)",445,"[308, 447, 969, 1426, 2393, 2513, 2880, 3100, 3144, 3174, 3296, 3357]",12
"(2, 2, 1, 2)",428,"[477, 3000, 3277]",3
"(2, 2, 1, 2)",425,"[524, 644, 1347, 1497, 2135, 2316, 2808, 2838, 3063, 3216, 3239, 3394]",12
"(2, 2, 1, 2)",412,"[1452, 1461, 2030, 2358, 3007, 3272]",6
"(2, 2, 2, 1)",519,"[512, 781, 1898, 2276, 2381, 2601, 2622, 2638, 2872, 3208, 3264, 3307]",12
"(2, 2, 2, 1)",510,"[1491, 1709, 1902, 1907, 2280, 2285, 2341, 2414, 2594, 2636, 3290, 3424]",12
"(2, 2, 2, 1)",495,"[521, 774, 1893, 2271, 2350, 2390, 2421, 2615, 2877, 3213, 3417, 3431]",12
"(2, 2, 2, 1)",471,"[507, 516, 2160, 2355, 2376, 2385, 2423, 2538, 3095, 3269, 3309, 3389]",12
"(2, 2, 2, 1)",462,"[1486, 2167, 2346, 2418, 2545, 3285]",6
"(2, 2, 3, 0)",574,"[2410, 2415, 2633]",3
"(2, 3, 0, 2)",480,"[980, 1428, 2884, 3150, 3185, 3297]",6
"(2, 3, 0, 2)",472,"[1463, 2744, 3276]",3
"(2, 3, 0, 2)",398,"[1358, 1498, 2814, 2849, 3220, 3241]",6
"(2, 3, 1, 1)",498,"[518, 2387, 2874, 3210, 3273, 3310]",6
"(2, 3, 1, 1)",437,"[1488, 1495, 1904, 2282, 2352, 2422, 2881, 3217, 3266, 3287, 3294, 3308]",12
"(2, 3, 2, 0)",466,"[2412, 2419, 3305]",3
